Timestamp,User,Tab,Main_Categoery,Sub_Categorey,Document,Result,Details
"2026-09-24 22:13:55","Ravi AS","Vendor Chrome","KIDS","Dress/T-Shirts/Tops","8050242436978_P0.jpg","Success",""
"2026-09-24 22:14:14","Ravi AS","Vendor Chrome","KIDS_SHOE","3/4_VIEW","8050242278486_P0.jpg","Success",""
"2026-09-24 22:20:19","Ravi AS","Vendor Chrome","HANDBAGS","Large_Bag","16619850.jpeg","Success",""
"2026-09-24 23:22:40","ravramu","Vendor Chrome","HANDBAGS","Medium_Bag","8050242453043_P0.jpg","Success",""
"2026-09-24 23:22:53","ravramu","Vendor Chrome","HANDBAGS","Medium_Bag_Body Fit","8050242436978_P0.jpg","Success",""
"2026-09-24 23:23:05","ravramu","Vendor Chrome","GENERAL-PRODUCTS","SCARVES","8050242278486_P0.jpg","Success",""
"2026-09-24 23:35:26","ravramu","Vendor Chrome","HANDBAGS","Medium_Bag","8050242278486_P0.jpg","Success",""
"2026-09-25 20:16:52","ravramu","Onfigure","MODEL_TOP","1200*1500","16518285.tif","Success",""
"2026-09-25 21:35:20","ravramu","Onfigure","MODEL_TOP","1200*1500","16744161.jpeg","Success",""
"2026-09-25 21:56:28","ravramu","Onfigure","MODEL_TOP","1200*1500","16739279.jpeg","Success",""
"2026-09-25 22:02:08","ravramu","Onfigure","MODEL_FULL","800*1000","16739280.jpeg","Success",""
"2026-09-26 18:48:48","ravramu","Vendor Chrome","HANDBAGS","Medium_Bag","8050242278486_P0.jpg","Success",""
"2026-09-26 18:48:53","ravramu","Vendor Chrome","HANDBAGS","Medium_Bag","8050242436978_P0.jpg","Success",""
"2026-09-26 18:48:57","ravramu","Vendor Chrome","HANDBAGS","Medium_Bag","8050242453043_P0.jpg","Success",""
