Main_Categoery,Sub_Categorey,Widh,Widh_Unit,Height,Height_Unit,Resolution,Top,Top_Unit,Bottom,Bottom_Unit,Left,Left_Unit,Right,Right Unit,Vertical Allignment,Horizontol Allignment,Selcton Type,COMMENTS
COSMETICS,800*1000,800,pxls,1000,pxls,300,100,pxls,100,pxls,50,pxls,50,pxls,Bottom,Center,ol,
COSMETICS,900*1125,900,pxls,1125,pxls,300,125,pxls,125,pxls,50,pxls,50,pxls,Bottom,Center,ol,
COSMETICS,1000*1250,1000,pxls,1250,pxls,300,135,pxls,135,pxls,75,pxls,75,pxls,Bottom,Center,ol,
COSMETICS,1200*1500,1200,pxls,1500,pxls,300,150,pxls,150,pxls,75,pxls,75,pxls,Bottom,Center,ol,
HOME PRODUCTS,2000*2000,2000,pxls,2000,pxls,300,200,pxls,200,pxls,75,pxls,75,pxls,Bottom,Center,ol,
HOME PRODUCTS,1750*1750,1750,pxls,1750,pxls,300,175,pxls,175,pxls,65,pxls,65,pxls,Bottom,Center,ol,
HOME PRODUCTS,1500*1500,1500,pxls,1500,pxls,300,125,pxls,125,pxls,55,pxls,55,pxls,Bottom,Center,ol,
HOME PRODUCTS,1250*1250,1250,pxls,1250,pxls,300,115,pxls,115,pxls,50,pxls,50,pxls,Bottom,Center,ol,
HOME PRODUCTS,1000*1000,1000,pxls,1000,pxls,300,100,pxls,100,pxls,50,pxls,75,pxls,Bottom,Center,ol,
HOME PRODUCTS,BEACH_TOWEL,2000,pxls,2000,pxls,300,75,pxls,75,pxls,75,pxls,75,pxls,Bottom,Center,ol,
HOME PRODUCTS,LUGGAGE_TROLLY,2000,pxls,2000,pxls,300,200,pxls,200,pxls,75,pxls,75,pxls,Bottom,Center,ol,
HOME PRODUCTS,TREADMILLS,2000,pxls,2000,pxls,300,200,pxls,200,pxls,75,pxls,75,pxls,Bottom,Center,ol,
HOME PRODUCTS,Equipments,2000,pxls,2000,pxls,300,200,pxls,200,pxls,75,pxls,75,pxls,Bottom,Center,ol,
HOME PRODUCTS,SHAMS_EURO,2000,pxls,2000,pxls,300,75,pxls,75,pxls,75,pxls,75,pxls,Center,Center,ol,
HOME PRODUCTS,SHAMS_STANDARD,2000,pxls,2000,pxls,300,75,pxls,75,pxls,75,pxls,75,pxls,Center,Center,ol,
HOME PRODUCTS,SHAMS_KING,2000,pxls,2000,pxls,300,75,pxls,75,pxls,75,pxls,75,pxls,Center,Center,ol,
HOME PRODUCTS,SMALLER_PILLOWS,2000,pxls,2000,pxls,300,150,pxls,150,pxls,150,pxls,150,pxls,Center,Center,ol,
ADULT_SHOE,3/4_View,1200,pxls,1500,pxls,300,150,pxls,150,pxls,75,pxls,75,pxls,Bottom,Center,ol,
ADULT_SHOE,Top_ View,1200,pxls,1500,pxls,300,75,pxls,75,pxls,50,pxls,50,pxls,Bottom,Center,ol,
ADULT_SHOE,Sole_Voew,1200,pxls,1500,pxls,300,75,pxls,75,pxls,50,pxls,50,pxls,Bottom,Center,ol,
ADULT_SHOE,Detail_Toe,1200,pxls,1500,pxls,300,75,pxls,50,pxls,50,pxls,,pxls,Top,Center,ol,
ADULT_SHOE,Front_View,1200,pxls,1500,pxls,300,150,pxls,150,pxls,350,pxls,350,pxls,Bottom,Center,ol,
ADULT_SHOE,Back_View,1200,pxls,1500,pxls,300,150,pxls,150,pxls,350,pxls,350,pxls,Bottom,Center,ol,
ADULT_SHOE,Pair_3/4,1200,pxls,1500,pxls,300,150,pxls,150,pxls,75,pxls,75,pxls,Bottom,Center,ol,
ADULT_SHOE,Pair_Top,1200,pxls,1500,pxls,300,100,pxls,100,pxls,50,pxls,50,pxls,Bottom,Center,ol,
ADULT_SHOE,Pair_Front,1200,pxls,1500,pxls,300,150,pxls,150,pxls,175,pxls,175,pxls,Bottom,Center,ol,
ADULT_SHOE,Pair_Back,1200,pxls,1500,pxls,300,150,pxls,150,pxls,175,pxls,175,pxls,Bottom,Center,ol,
ADULT_SHOE,Heels,1200,pxls,1500,pxls,300,150,pxls,150,pxls,100,pxls,100,pxls,Bottom,Center,ol,
ADULT_SHOE,Heels_4inch_Above,1200,pxls,1500,pxls,300,150,pxls,150,pxls,100,pxls,100,pxls,Bottom,Center,ol,
ADULT_SHOE,Long_Boot,1200,pxls,1500,pxls,300,50,pxls,50,pxls,50,pxls,50,pxls,Bottom,Center,ol,
KIDS,Dress/T-Shirts/Tops,1200,pxls,1500,pxls,300,100,pxls,100,pxls,100,pxls,100,pxls,Bottom,Center,ol,
KIDS,Skirt/Pant,1200,pxls,1500,pxls,300,100,pxls,100,pxls,100,pxls,100,pxls,Bottom,Center,ol,
KIDS,TOYS,1200,pxls,1500,pxls,300,200,pxls,200,pxls,100,pxls,100,pxls,Bottom,Center,ol,
KIDS,TOYS_GROUP,1200,pxls,1500,pxls,300,150,pxls,150,pxls,100,pxls,100,pxls,Bottom,Center,ol,
KIDS_SHOE,3/4_VIEW,1200,pxls,1500,pxls,300,200,pxls,200,pxls,250,pxls,250,pxls,Bottom,Center,ol,
KIDS_SHOE,TOP,1200,pxls,1500,pxls,300,350,pxls,350,pxls,,pxls,,pxls,Bottom,Center,ol,
KIDS_SHOE,SOLE,1200,pxls,1500,pxls,300,350,pxls,350,pxls,,pxls,,pxls,Bottom,Center,ol,
KIDS_SHOE,FRONT_VIEW,1200,pxls,1500,pxls,300,200,pxls,200,pxls,400,pxls,400,pxls,Bottom,Center,ol,
KIDS_SHOE,BACK_VIEW,1200,pxls,1500,pxls,300,200,pxls,200,pxls,400,pxls,400,pxls,Bottom,Center,ol,
KIDS_SHOE,PAIR_3/4,1200,pxls,1500,pxls,300,200,pxls,200,pxls,250,pxls,250,pxls,Bottom,Center,ol,
KIDS_SHOE,PAIR_TOP,1200,pxls,1500,pxls,300,350,pxls,350,pxls,,pxls,,pxls,Bottom,Center,ol,
KIDS_SHOE,PAIR_FRONT_VIEW,1200,pxls,1500,pxls,300,,pxls,200,pxls,250,pxls,250,pxls,Bottom,Center,ol,
KIDS_SHOE,PAIR_BACK_VIEW,1200,pxls,1500,pxls,300,,pxls,200,pxls,250,pxls,250,pxls,Bottom,Center,ol,
KIDS_SHOE,LONG_BOOT,1200,pxls,1500,pxls,300,250,pxls,250,pxls,50,pxls,50,pxls,Bottom,Center,ol,
KIDS,TROLLY,1200,pxls,1500,pxls,300,200,pxls,150,pxls,150,pxls,150,pxls,Bottom,Center,ol,
KIDS,KIDS_CAR_SEAT,1200,pxls,1500,pxls,300,150,pxls,150,pxls,100,pxls,100,pxls,,Center,ol,
HANDBAGS,Medium_Bag,1200,pxls,1500,pxls,300,150,pxls,150,pxls,150,pxls,150,pxls,Bottom,Center,ol,
HANDBAGS,Medium_Bag_Body Fit,1200,pxls,1500,pxls,300,150,pxls,150,pxls,75,pxls,75,pxls,Bottom,Center,ol,
HANDBAGS,Mini_Bag,1200,pxls,1500,pxls,300,,pxls,150,pxls,250,pxls,250,pxls,Bottom,Center,ol,
HANDBAGS,Large_Bag,1200,pxls,1500,pxls,300,,pxls,150,pxls,50,pxls,50,pxls,Bottom,Center,ol,
HANDBAGS,Medium_Long_Strap,1200,pxls,1500,pxls,300,50,pxls,150,pxls,75,pxls,75,pxls,Bottom,Center,ol,
HANDBAGS,Standard_Wallet,1200,pxls,1500,pxls,300,150,pxls,150,pxls,150,pxls,150,pxls,Bottom,Center,ol,
HANDBAGS,Mini_Horizontal_Wallet,1200,pxls,1500,pxls,300,250,pxls,150,pxls,250,pxls,250,pxls,Bottom,Center,ol,